[{
        "code": 103,
        "name": "Mobile Legend"
    },
    {
        "code": 127,
        "name": "Ragnarok M: Eternal Love"
    }, {
        "code": 127,
        "name": "Ragnarok M: Midnight Party"
    }, {
        "code": 135,
        "name": "Free Fire"
    }, {
        "code": 136,
        "name": "Speed Drifters"
    }, {
        "code": 139,
        "name": "Arena of Valor"
    }, {
        "code": 140,
        "name": "Bleach Mobile 3D"
    }, {
        "code": 141,
        "name": "Era of Celestials"
    }, {
        "code": 142,
        "name": "Dragon Nest"
    }
]